Summary,Issue Type,Priority,Labels,Epic Name,Epic Link,Description,Story Points,Component/s,Affects Version/s,Fix Version/s
"Enterprise Portal - Production-Grade Blockchain Management Platform",Epic,High,"enterprise-portal,v11,production","PORTAL-2025",,"Comprehensive blockchain management platform with real-time analytics, AI optimization, and quantum-resistant security. Includes dashboards, transaction/block explorers, validator management, AI controls, quantum security, cross-chain bridge, and HMS integration.",793,Portal,11.0.0,11.1.0
"Implement Responsive Sidebar Navigation",Story,Highest,"ui,navigation,sidebar","PORTAL-2025",PORTAL-EPIC,"Collapsible sidebar with hierarchical navigation including: toggle collapse/expand, organized sections (Main, Blockchain, Assets, Advanced, System), active page highlighting, badge indicators for live features, responsive mobile adaptation.",3,Portal UI,11.0.0,11.1.0
"Build Top Navigation Bar with Search",Story,Highest,"ui,navigation,search","PORTAL-2025",PORTAL-EPIC,"Fixed top bar with global search, live status indicator, notification center with badge, theme switcher (dark/light), help/documentation access, and user profile menu.",5,Portal UI,11.0.0,11.1.0
"Create Responsive Grid Layout System",Story,Highest,"ui,layout,responsive","PORTAL-2025",PORTAL-EPIC,"Auto-responsive grid for all screen sizes with card hover effects, consistent spacing/alignment, and mobile-first design.",2,Portal UI,11.0.0,11.1.0
"Implement Modal Dialog System",Story,Highest,"ui,modal,dialog","PORTAL-2025",PORTAL-EPIC,"Reusable modal system for transaction details, form actions, confirmations, with backdrop blur and keyboard navigation (ESC to close).",3,Portal UI,11.0.0,11.1.0
"Build Theme System (Dark/Light Mode)",Story,High,"ui,theme,ux","PORTAL-2025",PORTAL-EPIC,"Dark/light theme toggle with smooth transitions, LocalStorage persistence, and system preference detection.",3,Portal UI,11.0.0,11.1.0
"Create Key Performance Metrics Cards",Story,Highest,"dashboard,metrics,kpi","PORTAL-2025",PORTAL-EPIC,"Real-time overview cards showing: Total Transactions (with trend), Network TPS, Active Validators, Current Block Height. Auto-refresh every 5 seconds with gradient backgrounds.",5,Dashboard,11.0.0,11.1.0
"Implement TPS Performance Chart",Story,Highest,"dashboard,charts,performance","PORTAL-2025",PORTAL-EPIC,"Line chart showing TPS over time with 24-hour historical data, time range selector (1H/24H/7D), Chart.js visualization, smooth gradient fills, responsive resizing.",8,Dashboard,11.0.0,11.1.0
"Build Transaction Types Distribution Chart",Story,High,"dashboard,charts,analytics","PORTAL-2025",PORTAL-EPIC,"Doughnut chart showing transaction type breakdown (Transfer/Token/NFT/Contract) with color-coded segments, percentages, and interactive legend.",5,Dashboard,11.0.0,11.1.0
"Create Recent Transactions Live Table",Story,Highest,"dashboard,transactions,real-time","PORTAL-2025",PORTAL-EPIC,"Live table of recent blockchain transactions with 5-second refresh, showing TX hash, type, addresses, amount, status badges, clickable rows for details, filter/export capabilities, pagination.",8,Dashboard,11.0.0,11.1.0
"Build Network Analytics Dashboard",Story,Highest,"analytics,network,monitoring","PORTAL-2025",PORTAL-EPIC,"Comprehensive network health metrics: Network Health Score (0-100%), Average Block Time, Network Latency, progress bars, 24-hour activity chart, historical trend comparison.",13,Analytics,11.0.0,11.1.0
"Implement Transaction Analytics",Story,High,"analytics,transactions,insights","PORTAL-2025",PORTAL-EPIC,"Deep dive into transaction patterns: volume over time, peak periods, type distribution, fee analysis, success/failure rates, geographic distribution.",13,Analytics,11.0.0,11.1.0
"Create Validator Analytics",Story,High,"analytics,validators,performance","PORTAL-2025",PORTAL-EPIC,"Validator performance metrics: individual scores, uptime stats, block proposal success rates, stake distribution, rankings, reward distribution.",13,Analytics,11.0.0,11.1.0
"Build Performance Analytics Dashboard",Story,High,"analytics,performance,system","PORTAL-2025",PORTAL-EPIC,"System-level performance: CPU/Memory over time, network bandwidth, database performance, API response times, cache hit rates, optimization recommendations.",13,Analytics,11.0.0,11.1.0
"Implement Real-Time System Monitoring",Story,Highest,"monitoring,real-time,health","PORTAL-2025",PORTAL-EPIC,"Live system health dashboard with service status indicators, real-time log streaming, alert threshold config, performance graphs, uptime tracking, auto-refresh.",21,Monitoring,11.0.0,11.1.0
"Create Alert Management System",Story,High,"monitoring,alerts,notifications","PORTAL-2025",PORTAL-EPIC,"Alert configuration and notification: custom rules, email/SMS/webhook notifications, severity levels, alert history, escalation policies, mute/snooze functionality.",13,Monitoring,11.0.0,11.1.0
"Build Service Health Check System",Story,Highest,"monitoring,health,services","PORTAL-2025",PORTAL-EPIC,"Automated health checking for all services: HTTP endpoint monitoring, database connection checks, Redis/cache health, gRPC service status, external API availability, health history.",8,Monitoring,11.0.0,11.1.0
"Create Transaction Explorer",Story,Highest,"blockchain,transactions,explorer","PORTAL-2025",PORTAL-EPIC,"Advanced transaction search/filtering: search by TX hash/address/block, advanced filters (type/status/date/amount), multi-column sort, export (CSV/JSON), bulk operations, replay capability.",13,Blockchain,11.0.0,11.1.0
"Build Transaction Detail View",Story,Highest,"blockchain,transactions,details","PORTAL-2025",PORTAL-EPIC,"Comprehensive transaction info: full data (hash/from/to/amount/gas/nonce), timeline (submitted→confirmed→finalized), block details, event logs/receipts, smart contract interactions, related TXs.",8,Blockchain,11.0.0,11.1.0
"Implement Transaction Submission Interface",Story,High,"blockchain,transactions,submit","PORTAL-2025",PORTAL-EPIC,"Create and submit new transactions: multi-step wizard, gas estimation, TX preview, signature support, batch creation, transaction templates.",21,Blockchain,11.0.0,11.1.0
"Create Block List View",Story,Highest,"blockchain,blocks,explorer","PORTAL-2025",PORTAL-EPIC,"Paginated block list: block height/hash/timestamp/validator, transaction count per block, block size/gas used, sort/filter, real-time new block notifications.",8,Blockchain,11.0.0,11.1.0
"Build Block Detail View",Story,Highest,"blockchain,blocks,details","PORTAL-2025",PORTAL-EPIC,"Detailed block information: header info, transaction list in block, block proposer details, signatures, state root/receipts root, uncle blocks.",8,Blockchain,11.0.0,11.1.0
"Implement Block Timeline Visualization",Story,Medium,"blockchain,blocks,visualization","PORTAL-2025",PORTAL-EPIC,"Visual timeline of block production: interactive timeline graph, block time variations, missed block indicators, validator rotation visualization, zoom/pan capabilities.",13,Blockchain,11.0.0,11.2.0
"Create Validator Directory",Story,Highest,"validators,directory,management","PORTAL-2025",PORTAL-EPIC,"List of all network validators: name/address/stake amount, status (active/inactive/jailed), commission rates, uptime percentage, total delegations, detail page links.",8,Validators,11.0.0,11.1.0
"Build Validator Performance Metrics",Story,High,"validators,performance,analytics","PORTAL-2025",PORTAL-EPIC,"Individual validator performance tracking: block proposal stats, attestation performance, slash history, reward distribution, performance charts, comparison with network average.",13,Validators,11.0.0,11.1.0
"Implement Stake Delegation Interface",Story,High,"validators,staking,delegation","PORTAL-2025",PORTAL-EPIC,"Delegate tokens to validators: validator selection with recommendations, delegation amount calculator, reward estimation, re-delegation, undelegation with unbonding period, delegation history.",21,Validators,11.0.0,11.1.0
"Create HyperRAFT++ Status Dashboard",Story,Highest,"consensus,hyperraft,monitoring","PORTAL-2025",PORTAL-EPIC,"Real-time consensus monitoring: current leader display, consensus round info, participant nodes list, vote tallying visualization, consensus health metrics, leader election history.",21,Consensus,11.0.0,11.1.0
"Build Consensus Proposal Submission",Story,High,"consensus,proposal,governance","PORTAL-2025",PORTAL-EPIC,"Submit proposals to consensus layer: proposal creation form, validation, signature collection, status tracking, proposal history.",13,Consensus,11.0.0,11.1.0
"Create Token Registry",Story,Highest,"tokens,registry,management","PORTAL-2025",PORTAL-EPIC,"List and manage all tokens: name/symbol/total supply, token type (fungible/non-fungible), creator/creation date, current holders count, transfer activity charts, metadata display.",8,Tokens,11.0.0,11.1.0
"Build Token Creation Wizard",Story,High,"tokens,creation,wizard","PORTAL-2025",PORTAL-EPIC,"Create new tokens: multi-step creation, token standard selection (ERC-20/ERC-721), properties config, metadata upload, initial distribution setup, preview and deployment.",21,Tokens,11.0.0,11.1.0
"Implement Token Analytics",Story,Medium,"tokens,analytics,insights","PORTAL-2025",PORTAL-EPIC,"Token-specific analytics: price charts (if trading), volume analytics, holder distribution, transfer velocity, token utility metrics.",13,Tokens,11.0.0,11.2.0
"Create NFT Gallery",Story,High,"nfts,gallery,marketplace","PORTAL-2025",PORTAL-EPIC,"Browse all NFTs: grid/list view toggle, NFT preview (image/video/3D), collection grouping, filters (collection/rarity/price), search, sort (newest/price/rarity).",13,NFTs,11.0.0,11.1.0
"Build NFT Detail Page",Story,High,"nfts,details,metadata","PORTAL-2025",PORTAL-EPIC,"Comprehensive NFT information: high-res media display, NFT metadata/properties, ownership history, transaction history, current owner details, related NFTs from collection.",8,NFTs,11.0.0,11.1.0
"Implement NFT Minting Interface",Story,High,"nfts,minting,creation","PORTAL-2025",PORTAL-EPIC,"Create and mint new NFTs: media upload (image/video/audio/3D), metadata editor, property/trait config, royalty settings, collection assignment, batch minting support.",21,NFTs,11.0.0,11.1.0
"Create Smart Contract Registry",Story,Highest,"contracts,registry,management","PORTAL-2025",PORTAL-EPIC,"List of all deployed smart contracts: address/name/type, deployment date/deployer, verification status, interaction count, source code availability, ABI download.",8,Contracts,11.0.0,11.1.0
"Build Contract Interaction Interface",Story,Highest,"contracts,interaction,execution","PORTAL-2025",PORTAL-EPIC,"Interact with smart contracts: read/write functions with gas estimation, function parameter forms, transaction result display, event log viewing, multi-call support.",21,Contracts,11.0.0,11.1.0
"Implement Contract Deployment",Story,High,"contracts,deployment,solidity","PORTAL-2025",PORTAL-EPIC,"Deploy new smart contracts: Solidity editor with syntax highlighting, contract compilation, constructor parameter input, gas estimation, deployment confirmation, contract verification.",34,Contracts,11.0.0,11.1.0
"Create AI Performance Dashboard",Story,High,"ai,optimization,ml","PORTAL-2025",PORTAL-EPIC,"AI/ML optimization metrics: model performance metrics, optimization suggestions, auto-tuning status, training history, model comparison, A/B testing results.",21,AI Optimization,11.0.0,11.1.0
"Build ML Model Configuration",Story,Medium,"ai,ml,configuration","PORTAL-2025",PORTAL-EPIC,"Configure AI optimization: model selection (consensus optimization/fraud detection), hyperparameter tuning, training data management, model versioning, rollback capability, performance benchmarking.",34,AI Optimization,11.0.0,11.2.0
"Create Cryptography Status Dashboard",Story,Highest,"quantum,security,cryptography","PORTAL-2025",PORTAL-EPIC,"Quantum-resistant cryptography monitoring: CRYSTALS-Kyber key exchange status, CRYSTALS-Dilithium signature status, quantum threat level, encryption strength metrics, key rotation schedule, security audit logs.",13,Security,11.0.0,11.1.0
"Build Key Management Interface",Story,High,"quantum,security,keys","PORTAL-2025",PORTAL-EPIC,"Manage cryptographic keys: key generation, import/export (secure), key rotation, backup/recovery, multi-signature support, hardware wallet integration.",34,Security,11.0.0,11.1.0
"Implement Signature Verification Tool",Story,High,"quantum,security,signatures","PORTAL-2025",PORTAL-EPIC,"Sign and verify data using quantum-resistant algorithms: signing interface, signature verification, batch signing, signature history, algorithm selection (Dilithium2/3/5).",13,Security,11.0.0,11.1.0
"Create Bridge Statistics Dashboard",Story,Highest,"cross-chain,bridge,statistics","PORTAL-2025",PORTAL-EPIC,"Cross-chain bridge activity: total value locked (TVL), bridge transaction volume, supported chains list, active bridges count, transfer success rate, average transfer time.",13,Cross-Chain,11.0.0,11.1.0
"Build Cross-Chain Transfer Interface",Story,Highest,"cross-chain,bridge,transfer","PORTAL-2025",PORTAL-EPIC,"Initiate cross-chain asset transfers: source/destination chain selection, asset selection/amount input, fee calculation, transfer preview, transaction tracking, transfer history.",34,Cross-Chain,11.0.0,11.1.0
"Implement Bridge Transaction Tracker",Story,High,"cross-chain,bridge,tracking","PORTAL-2025",PORTAL-EPIC,"Track cross-chain transaction status: real-time status updates, multi-step progress indicator, confirmation counts, relay node info, failed transaction handling, manual claim interface.",13,Cross-Chain,11.0.0,11.1.0
"Create HMS Integration Dashboard",Story,High,"hms,healthcare,integration","PORTAL-2025",PORTAL-EPIC,"Healthcare data management overview: total patients/records, active providers, record access logs, data privacy compliance metrics, integration health status, recent activity feed.",13,HMS,11.0.0,11.1.0
"Build Patient Record Management",Story,High,"hms,healthcare,records","PORTAL-2025",PORTAL-EPIC,"Manage healthcare records on blockchain: patient record search, access control management, record encryption status, consent management, audit trail viewing, record sharing interface.",34,HMS,11.0.0,11.1.0
"Implement Healthcare Provider Interface",Story,Medium,"hms,healthcare,providers","PORTAL-2025",PORTAL-EPIC,"Provider-specific functionality: provider registration, credential verification, access request management, treatment record submission, billing integration, compliance reporting.",34,HMS,11.0.0,11.2.0
"Create Performance Test Dashboard",Story,Highest,"performance,testing,monitoring","PORTAL-2025",PORTAL-EPIC,"Run and monitor performance tests: test suite selection, custom test config, real-time execution monitoring, results visualization, historical comparison, performance regression detection.",13,Performance,11.0.0,11.1.0
"Build Load Testing Interface",Story,High,"performance,testing,load","PORTAL-2025",PORTAL-EPIC,"Configure and run load tests: transaction load simulator, concurrent user simulation, ramp-up config, target TPS setting, duration control, test scenario templates.",21,Performance,11.0.0,11.1.0
"Create Network Topology View",Story,High,"network,topology,visualization","PORTAL-2025",PORTAL-EPIC,"Visualize network structure: interactive network graph, node status indicators, connection visualization, geographic distribution map, peer info display, network health metrics.",34,Network,11.0.0,11.1.0
"Build Peer Management",Story,High,"network,peers,management","PORTAL-2025",PORTAL-EPIC,"Manage network peers: peer list with status, add/remove peers, peer info details, connection quality metrics, peer reputation scores, blacklist/whitelist management.",13,Network,11.0.0,11.1.0
"Implement System Settings",Story,Highest,"settings,configuration,system","PORTAL-2025",PORTAL-EPIC,"Platform-wide configuration: general settings (network name/chain ID), performance tuning parameters, security settings, API configuration, feature flags, maintenance mode toggle.",13,Settings,11.0.0,11.1.0
"Create User Management System",Story,Highest,"settings,users,rbac","PORTAL-2025",PORTAL-EPIC,"Manage portal users and permissions: user list/search, role-based access control (RBAC), permission management, user creation/deletion, activity audit logs, session management.",34,Settings,11.0.0,11.1.0
"Build API Key Management",Story,High,"settings,api,security","PORTAL-2025",PORTAL-EPIC,"Manage API access keys: API key generation, permission scoping, rate limit configuration, key rotation, usage statistics, key revocation.",13,Settings,11.0.0,11.1.0
"Create Report Generator",Story,High,"reporting,export,analytics","PORTAL-2025",PORTAL-EPIC,"Generate custom reports: report template selection, date range selection, data filter config, format selection (PDF/CSV/JSON/Excel), scheduled reports, email delivery.",21,Reporting,11.0.0,11.1.0
"Build Data Export Tools",Story,High,"reporting,export,data","PORTAL-2025",PORTAL-EPIC,"Export blockchain data: bulk data export, custom query builder, export format options, incremental export, export scheduling, cloud storage integration (S3).",13,Reporting,11.0.0,11.1.0
"Implement Notification Center",Story,High,"notifications,alerts,ui","PORTAL-2025",PORTAL-EPIC,"Central hub for all notifications: notification list with filters, mark as read/unread, notification categories, priority indicators, action buttons, notification history.",8,Notifications,11.0.0,11.1.0
"Build Alert Configuration",Story,High,"notifications,alerts,rules","PORTAL-2025",PORTAL-EPIC,"Configure custom alerts: alert rule builder, condition config (threshold/trend/anomaly), notification channel selection, alert frequency control, test alert functionality, alert template library.",13,Notifications,11.0.0,11.1.0
