Summary,Issue Type,Description,Status,Story Points,Labels,Sprint
"QAA Sprint 3 - Fix DilithiumSignatureServiceTest (24 crypto tests)",Task,"Fixed 24 Dilithium cryptography tests in DilithiumSignatureServiceTest.java. Algorithm name matching updated. Exception handling fixed. CDI initialization added via @PostConstruct. All 24/24 tests passing. NIST Level 5 quantum-resistant cryptography validated.",Done,3,"sprint3,qaa,crypto,testing",Sprint 3
"QAA Sprint 3 - Fix QuantumCryptoServiceTest (12 quantum crypto tests)",Task,"Fixed 12 quantum cryptography tests. RestAssured float comparison issues resolved. Endpoint paths corrected (/performance/test -> /performance). NIST Level 5 expectations adjusted. All 12/12 tests passing.",Done,2,"sprint3,qaa,crypto,testing",Sprint 3
"BDA Sprint 3 - Fix DilithiumSignatureService CDI initialization",Task,"Added @PostConstruct annotation to initialize() method in DilithiumSignatureService.java. Service now auto-initializes with CDI container. Fixes test initialization issues.",Done,1,"sprint3,bda,crypto,backend",Sprint 3
"CAA Sprint 3 - Multi-Agent Coordination Framework (25K+ words)",Task,"Created comprehensive coordination plan for 10 agents across Sprints 4-10. Deliverables: MULTI-AGENT-COORDINATION-PLAN.md (25000+ words) and AGENT-DEPLOYMENT-SUMMARY.md (5000+ words). Includes agent deployment schedule quality gates risk management and communication protocols.",Done,8,"sprint3,caa,architecture,planning",Sprint 3
"PMA Sprint 3 - Multi-agent coordination and daily standup protocols",Task,"Established daily standup protocols (9AM UTC) weekly reviews and communication channels. Created coordination framework for 10 agents. Defined velocity tracking and capacity planning.",Done,5,"sprint3,pma,coordination,process",Sprint 3
"[EPIC] Sprint 4 - Enterprise Portal Real Data Integration",Epic,"Convert 6 pages in Enterprise Portal from Math.random() mock data to real backend API integration. Resolve user complaint about simulated data. Target: Zero Math.random() calls 100% real API integration 70%+ test coverage.",To Do,11,"sprint4,fda,frontend,portal,epic",Sprint 4
"FDA Sprint 4 - Fix PerformanceMetrics.tsx (Math.random TPS variance)",Task,"Replace Math.random() TPS variance calculation with real-time API data from /api/v11/stats/tps. Update variance calculation to use actual historical data. Add error handling and loading states.",To Do,2,"sprint4,fda,frontend,performance,P0",Sprint 4
"FDA Sprint 4 - Fix RicardianContracts.tsx (5 Math.random occurrences)",Task,"Replace 5 Math.random() calls with real contract data from /api/v11/contracts/ricardian API. Update contract status simulation metadata generation and verification stats. Add proper contract data models.",To Do,3,"sprint4,fda,frontend,contracts,P0",Sprint 4
"FDA Sprint 4 - Fix ConsensusMonitoring.tsx real-time consensus data",Task,"Replace Math.random() consensus simulation with real HyperRAFT++ metrics from /api/v11/consensus/status. Update leader election monitoring and consensus latency tracking.",To Do,2,"sprint4,fda,frontend,consensus,P0",Sprint 4
"FDA Sprint 4 - Fix NodeManagement.tsx with real node metrics",Task,"Replace Math.random() node simulation with real node data from /api/v11/nodes API. Update node health status CPU/memory metrics and network bandwidth data.",To Do,2,"sprint4,fda,frontend,nodes,P1",Sprint 4
"FDA Sprint 4 - Fix Analytics.tsx with real blockchain analytics",Task,"Replace Math.random() analytics with real blockchain metrics. Update transaction trends block production stats and network activity charts.",To Do,1,"sprint4,fda,frontend,analytics,P1",Sprint 4
"FDA Sprint 4 - Fix Transactions.tsx with real transaction data",Task,"Replace Math.random() transaction simulation with real transaction data from /api/v11/transactions API. Update transaction list filtering and real-time updates.",To Do,1,"sprint4,fda,frontend,transactions,P1",Sprint 4
"[EPIC] Sprint 5 - ML-Driven Performance Optimization (2.56M -> 3M+ TPS)",Epic,"Use machine learning to optimize platform performance from current 2.56M TPS to 3M+ TPS target. Deliverables: Adaptive batch sizing ML model predictive thread pool scaler and performance dashboard with real-time ML metrics.",To Do,13,"sprint5,ada,ai,performance,epic",Sprint 5
"ADA Sprint 5 - Performance baseline analysis and data collection",Task,"Analyze current 2.56M TPS performance baseline. Collect training data for ML models (10000+ transaction samples). Identify optimization opportunities in batch sizing thread allocation and transaction ordering.",Done,3,"sprint5,ada,performance,analysis",Sprint 5
"ADA Sprint 5 - ML model training for adaptive batch sizing",Task,"Train ML model using DeepLearning4J for optimal transaction batch size prediction. Target: Dynamic batch sizing based on load transaction type and system resources. Validation: 95%+ accuracy 20%+ throughput improvement.",To Do,5,"sprint5,ada,ai,optimization",Sprint 5
"ADA Sprint 5 - Predictive thread pool scaling implementation",Task,"Implement predictive thread pool scaler using SMILE ML library. Auto-adjust thread pool size based on predicted load. Target: Reduce thread contention by 30% improve CPU utilization to 85%+.",To Do,3,"sprint5,ada,ai,threading",Sprint 5
"ADA Sprint 5 - Performance validation and 3M+ TPS achievement",Task,"Validate ML-optimized performance against 3M+ TPS target. Run JMeter load tests stress tests and benchmark suite. Verify latency remains <100ms p99 and no regression in consensus finality.",To Do,2,"sprint5,ada,performance,validation",Sprint 5
"[EPIC] Sprint 6 - Quantum Crypto and Security Audit (NIST Level 5)",Epic,"Upgrade quantum cryptography to NIST Level 5 (256-bit security). Complete comprehensive security audit including OWASP Top 10 validation penetration testing and HSM integration. Deliverable: Security audit report with 0 critical vulnerabilities.",To Do,20,"sprint6,sca,security,crypto,epic",Sprint 6
"SCA Sprint 6 - Upgrade to NIST Level 5 (256-bit security)",Task,"Upgrade CRYSTALS-Kyber and Dilithium implementations to NIST Level 5. Update key sizes encryption parameters and security configurations. Validate against NIST test vectors.",Done,5,"sprint6,sca,crypto,nist",Sprint 6
"SCA Sprint 6 - OWASP Top 10 validation and remediation",Task,"Validate platform against OWASP Top 10 security risks. Address any identified vulnerabilities. Focus areas: injection attacks XSS CSRF broken authentication and sensitive data exposure.",To Do,5,"sprint6,sca,security,owasp",Sprint 6
"SCA Sprint 6 - Penetration testing and vulnerability assessment",Task,"Conduct comprehensive penetration testing using OWASP ZAP and custom test scenarios. Test API endpoints consensus mechanisms bridge security and smart contract execution. Generate vulnerability assessment report.",To Do,5,"sprint6,sca,security,pentesting",Sprint 6
"SCA Sprint 6 - Security audit report and compliance documentation",Task,"Create comprehensive security audit report. Document all findings remediation actions and compliance status. Include NIST Level 5 validation bridge security analysis and network security assessment.",In Progress,3,"sprint6,sca,security,documentation",Sprint 6
"SCA Sprint 6 - HSM integration completion and key management",Task,"Complete Hardware Security Module (HSM) integration for production key management. Implement secure key generation storage rotation and backup procedures. Validate HSM performance impact.",To Do,8,"sprint6,sca,security,hsm",Sprint 6
"[EPIC] Sprint 7 - CI/CD Pipeline and Monitoring Infrastructure",Epic,"Build production-ready CI/CD pipeline and comprehensive monitoring stack. Deliverables: GitHub Actions 7-stage pipeline Prometheus+Grafana monitoring ELK log aggregation blue-green deployment automation and 50-page production runbook.",To Do,20,"sprint7,dda,devops,infrastructure,epic",Sprint 7
"DDA Sprint 7 - GitHub Actions CI/CD pipeline implementation",Task,"Implement 7-stage CI/CD pipeline: compile test security-scan native-build integration-test deploy smoke-test. Include quality gates automated rollback and deployment notifications.",Done,5,"sprint7,dda,cicd,github",Sprint 7
"DDA Sprint 7 - Prometheus and Grafana monitoring setup",Task,"Deploy Prometheus for metrics collection and Grafana for visualization. Create 5 dashboards: System Health Application Metrics Blockchain Metrics Security Metrics and Business Metrics. Configure 20+ alert rules.",Done,5,"sprint7,dda,monitoring,prometheus",Sprint 7
"DDA Sprint 7 - ELK stack integration for log aggregation",Task,"Deploy Elasticsearch Logstash and Kibana for centralized logging. Configure log shipping from all services. Create log analysis dashboards and alerting rules. Target: 7-day log retention.",Done,3,"sprint7,dda,logging,elk",Sprint 7
"DDA Sprint 7 - Production deployment runbook (50 pages)",Task,"Create comprehensive production deployment runbook. Include deployment procedures rollback procedures monitoring checklist troubleshooting guides and incident response playbooks.",Done,3,"sprint7,dda,documentation,runbook",Sprint 7
"DDA Sprint 7 - Blue-green deployment automation",Task,"Implement blue-green deployment automation with zero-downtime switchover. Include health checks smoke tests automated rollback (<2 min recovery) and canary deployment support.",To Do,5,"sprint7,dda,deployment,automation",Sprint 7
"[EPIC] Sprint 8 - Comprehensive API Documentation and User Guides",Epic,"Create complete technical documentation for Aurigraph V11 platform. Deliverables: OpenAPI 3.0 specification (40+ endpoints) Getting Started guide Developer Guide and 3 Architecture Decision Records (ADRs).",To Do,13,"sprint8,doa,documentation,epic",Sprint 8
"DOA Sprint 8 - OpenAPI 3.0 specification for 40+ endpoints",Task,"Create comprehensive OpenAPI 3.0 specification documenting all V11 REST API endpoints. Include request/response schemas authentication requirements error codes and usage examples.",Done,5,"sprint8,doa,documentation,api",Sprint 8
"DOA Sprint 8 - User guides (Getting Started and Developer Guide)",Task,"Write two comprehensive user guides: Getting Started (installation configuration first transaction) and Developer Guide (API integration SDK usage smart contract development testing). Target: 30+ pages each.",Done,5,"sprint8,doa,documentation,guides",Sprint 8
"DOA Sprint 8 - Architecture Decision Records (ADRs)",Task,"Create 3 Architecture Decision Records documenting key technical decisions: 1) Java/Quarkus/GraalVM migration rationale 2) HyperRAFT++ consensus selection 3) gRPC/HTTP2 communication protocol choice. Include context decision alternatives and consequences.",Done,3,"sprint8,doa,documentation,adr",Sprint 8
